{
  "properties": {
    "connectionReferences": {},
    "definition": {
      "$schema": "https://schema.management.azure.com/providers/Microsoft.Logic/schemas/2016-06-01/workflowdefinition.json#",
      "contentVersion": "1.0.0.0",
      "parameters": {
        "$authentication": {
          "defaultValue": {},
          "type": "SecureObject"
        },
        "$connections": {
          "defaultValue": {},
          "type": "Object"
        },
        "MCP API Key (cr365_MCPAPIKey)": {
          "defaultValue": "demo-secret",
          "type": "String",
          "metadata": {
            "schemaName": "cr365_MCPAPIKey",
            "description": "MCP server の .env に指定した API_KEY の値を設定してください。"
          }
        },
        "MCP Server URL Host (cr365_MCPServerURLHost)": {
          "defaultValue": "l216p5fx-3110.asse.devtunnels.ms",
          "type": "String",
          "metadata": {
            "schemaName": "cr365_MCPServerURLHost",
            "description": "Port Forward の外部 URL \"https://<your-forwarded-address>/mcp\" における、<your-forwarded-address>を入力します。"
          }
        }
      },
      "triggers": {
        "manual": {
          "type": "Request",
          "kind": "Skills",
          "inputs": {
            "schema": {
              "type": "object",
              "properties": {
                "file": {
                  "description": "ファイルや画像を選択してください",
                  "title": "ファイル コンテンツ",
                  "type": "object",
                  "properties": {
                    "contentBytes": {
                      "type": "string",
                      "format": "byte"
                    },
                    "name": {
                      "type": "string"
                    }
                  },
                  "x-ms-content-hint": "FILE",
                  "x-ms-dynamically-added": true
                }
              },
              "required": [
                "file"
              ]
            }
          },
          "metadata": {
            "operationMetadataId": "b8f61c18-7224-4f8a-9c5f-72fbce5df764"
          }
        }
      },
      "actions": {
        "Respond_to_the_agent": {
          "type": "Response",
          "kind": "Skills",
          "inputs": {
            "schema": {
              "type": "object",
              "properties": {
                "uploadresult": {
                  "title": "uploadResult",
                  "description": "",
                  "type": "string",
                  "x-ms-content-hint": "TEXT",
                  "x-ms-dynamically-added": true
                }
              },
              "additionalProperties": {}
            },
            "statusCode": 200,
            "body": {
              "uploadresult": "@{coalesce(\r\n  outputs('HTTP_1')?['body']?['result']?['content']?[0]?['text'],\r\n  string(outputs('HTTP_1')?['body'])\r\n)}"
            }
          },
          "runAfter": {
            "HTTP_1": [
              "Succeeded"
            ]
          },
          "metadata": {
            "operationMetadataId": "81c94f73-dd52-465c-ad3b-a4686da63cc3"
          }
        },
        "HTTP_initialize": {
          "type": "Http",
          "inputs": {
            "uri": "@concat('https://', parameters('MCP Server URL Host (cr365_MCPServerURLHost)'), '/mcp')",
            "method": "POST",
            "headers": {
              "Content-Type": "application/json",
              "Accept": "application/json, text/event-stream",
              "x-api-key": "@{parameters('MCP API Key (cr365_MCPAPIKey)')}"
            },
            "body": {
              "jsonrpc": "2.0",
              "id": 1,
              "method": "initialize",
              "params": {
                "protocolVersion": "2025-03-26",
                "capabilities": {},
                "clientInfo": {
                  "name": "power-automate",
                  "version": "1.0"
                }
              }
            }
          },
          "runAfter": {},
          "runtimeConfiguration": {
            "contentTransfer": {
              "transferMode": "Chunked"
            }
          }
        },
        "作成": {
          "type": "Compose",
          "inputs": "@coalesce(\r\n  outputs('HTTP_initialize')?['headers']?['mcp-session-id'],\r\n  outputs('HTTP_initialize')?['headers']?['Mcp-Session-Id'],\r\n  outputs('HTTP_initialize')?['headers']?['MCP-SESSION-ID']\r\n)\r\n",
          "runAfter": {
            "HTTP_initialize": [
              "Succeeded"
            ]
          }
        },
        "HTTP_1": {
          "type": "Http",
          "inputs": {
            "uri": "@concat('https://', parameters('MCP Server URL Host (cr365_MCPServerURLHost)'), '/mcp')",
            "method": "POST",
            "headers": {
              "Content-Type": "application/json",
              "Accept": "application/json, text/event-stream",
              "x-api-key": "@{parameters('MCP API Key (cr365_MCPAPIKey)')}",
              "mcp-session-id": "@{outputs('作成')}"
            },
            "body": {
              "jsonrpc": "2.0",
              "id": 2,
              "method": "tools/call",
              "params": {
                "name": "upload_file",
                "arguments": {
                  "name": "@{triggerBody()?['file']?['Name']}",
                  "contentBytes": "@{triggerBody()?['file']?['Content']}",
                  "subdir": "uploads",
                  "overwrite": false,
                  "maxBytes": 10000000
                }
              }
            }
          },
          "runAfter": {
            "作成": [
              "Succeeded"
            ]
          },
          "runtimeConfiguration": {
            "contentTransfer": {
              "transferMode": "Chunked"
            }
          }
        }
      },
      "outputs": {},
      "description": "When an agent calls the flow and send back a response."
    },
    "templateName": null
  },
  "schemaVersion": "1.0.0.0"
}