<environmentvariabledefinition schemaname="cr365_MCPServerURLHost">
  <description default="Port Forward の外部 URL &quot;https://&lt;your-forwarded-address&gt;/mcp&quot; における、&lt;your-forwarded-address&gt;を入力します。">
    <label description="Port Forward の外部 URL &quot;https://&lt;your-forwarded-address&gt;/mcp&quot; における、&lt;your-forwarded-address&gt;を入力します。" languagecode="1041" />
  </description>
  <displayname default="MCP Server URL Host">
    <label description="MCP Server URL Host" languagecode="1041" />
  </displayname>
  <introducedversion>1.0.0.2</introducedversion>
  <iscustomizable>1</iscustomizable>
  <isrequired>0</isrequired>
  <secretstore>0</secretstore>
  <type>100000000</type>
</environmentvariabledefinition>