<ImportExportXml xmlns:xsi="http://www.w3.org/2001/XMLSchema-instance" OrganizationVersion="9.2.26013.147" OrganizationSchemaType="Standard" CRMServerServiceabilityVersion="9.2.26014.00151">
  <Entities></Entities>
  <Roles></Roles>
  <Workflows>
    <Workflow WorkflowId="{75be0f5a-f207-f111-9a1f-7ced8d31dd31}" Name="MCP File Upload Flow">
      <JsonFileName>/Workflows/MCPFileUploadFlow-75BE0F5A-F207-F111-9A1F-7CED8D31DD31.json</JsonFileName>
      <Type>1</Type>
      <Subprocess>0</Subprocess>
      <Category>5</Category>
      <Mode>0</Mode>
      <Scope>4</Scope>
      <OnDemand>0</OnDemand>
      <TriggerOnCreate>0</TriggerOnCreate>
      <TriggerOnDelete>0</TriggerOnDelete>
      <AsyncAutodelete>0</AsyncAutodelete>
      <SyncWorkflowLogOnFailure>0</SyncWorkflowLogOnFailure>
      <StateCode>1</StateCode>
      <StatusCode>2</StatusCode>
      <RunAs>1</RunAs>
      <IsTransacted>1</IsTransacted>
      <IntroducedVersion>1.0</IntroducedVersion>
      <IsCustomizable>1</IsCustomizable>
      <BusinessProcessType>0</BusinessProcessType>
      <IsCustomProcessingStepAllowedForOtherPublishers>1</IsCustomProcessingStepAllowedForOtherPublishers>
      <ModernFlowType>1</ModernFlowType>
      <PrimaryEntity>none</PrimaryEntity>
      <LocalizedNames>
        <LocalizedName languagecode="1041" description="MCP File Upload Flow" />
      </LocalizedNames>
    </Workflow>
  </Workflows>
  <FieldSecurityProfiles></FieldSecurityProfiles>
  <Templates />
  <EntityMaps />
  <EntityRelationships />
  <OrganizationSettings />
  <optionsets />
  <CustomControls />
  <EntityDataProviders />
  <Connectors>
    <Connector>
      <connectorid>f3de2c20-6381-4108-8ad1-78bfe19682e0</connectorid>
      <description>Local のファイルを参照するための MCP サーバーです。デモ用です。</description>
      <displayname>MCP-LocalFileServer</displayname>
      <iconbrandcolor>#007ee5</iconbrandcolor>
      <name>cr365_5Fmcp-2Dlocalfileserver</name>
      <connectortype>1</connectortype>
      <openapidefinition>/Connector/cr365_5Fmcp-2Dlocalfileserver_openapidefinition.json</openapidefinition>
      <connectionparameters>/Connector/cr365_5Fmcp-2Dlocalfileserver_connectionparameters.json</connectionparameters>
      <policytemplateinstances>/Connector/cr365_5Fmcp-2Dlocalfileserver_policytemplateinstances.json</policytemplateinstances>
      <iconblob>/Connector/cr365_5Fmcp-2Dlocalfileserver_iconblob.Png</iconblob>
    </Connector>
  </Connectors>
  <connectionreferences>
    <connectionreference connectionreferencelogicalname="copilots_header_b1f8d.shared_cr365-5fmcp-2dlocalfileserver-5f0c977a1cb9260426.cde9c82f679e45bc8b90326868531e7d">
      <connectionreferencedisplayname>copilots_header_b1f8d.shared_cr365-5fmcp-2dlocalfileserver-5f0c977a1cb9260426.cde9c82f679e45bc8b90326868531e7d</connectionreferencedisplayname>
      <connectorid>/providers/Microsoft.PowerApps/apis/shared_cr365-5fmcp-2dlocalfileserver-5f0c977a1cb9260426</connectorid>
      <customconnectorid>
        <connectorid>f3de2c20-6381-4108-8ad1-78bfe19682e0</connectorid>
      </customconnectorid>
      <iscustomizable>0</iscustomizable>
      <promptingbehavior>0</promptingbehavior>
      <statecode>0</statecode>
      <statuscode>1</statuscode>
    </connectionreference>
  </connectionreferences>
  <Languages>
    <Language>1041</Language>
  </Languages>
</ImportExportXml>