<environmentvariabledefinition schemaname="cr365_MCPAPIKey">
  <description default="MCP server の .env に指定した API_KEY の値を設定してください。">
    <label description="MCP server の .env に指定した API_KEY の値を設定してください。" languagecode="1041" />
  </description>
  <displayname default="MCP API Key">
    <label description="MCP API Key" languagecode="1041" />
  </displayname>
  <introducedversion>1.0.0.0</introducedversion>
  <iscustomizable>1</iscustomizable>
  <isrequired>0</isrequired>
  <secretstore>0</secretstore>
  <type>100000000</type>
</environmentvariabledefinition>