{"swagger":"2.0","info":{"title":"MCP-LocalFileServer","description":"Local のファイルを参照するための MCP サーバーです。デモ用です。","version":"1.0.0"},"host":"@environmentVariables(\"cr365_MCPServerURLHost\")","basePath":"/","schemes":["https"],"paths":{"/mcp":{"post":{"responses":{"200":{"description":"Immediate Response"}},"x-ms-agentic-protocol":"mcp-streamable-1.0","operationId":"InvokeServer","summary":"MCP-LocalFileServer","description":"Local のファイルを参照するための MCP サーバーです。デモ用です。"}}},"securityDefinitions":{"api_key":{"type":"apiKey","name":"x-api-key","in":"header"}},"security":[{"api_key":[]}]}